-- phpMyAdmin SQL Dump
-- version 4.1.12
-- http://www.phpmyadmin.net
--
-- Host: localhost
-- Generation Time: Aug 12, 2014 at 10:46 AM
-- Server version: 5.6.16
-- PHP Version: 5.5.11

SET SQL_MODE = "NO_AUTO_VALUE_ON_ZERO";
SET time_zone = "+00:00";


/*!40101 SET @OLD_CHARACTER_SET_CLIENT=@@CHARACTER_SET_CLIENT */;
/*!40101 SET @OLD_CHARACTER_SET_RESULTS=@@CHARACTER_SET_RESULTS */;
/*!40101 SET @OLD_COLLATION_CONNECTION=@@COLLATION_CONNECTION */;
/*!40101 SET NAMES utf8 */;

--
-- Database: `uni_database_lite`
--

-- --------------------------------------------------------

--
-- Table structure for table `attendance`
--

CREATE TABLE IF NOT EXISTS `attendance` (
  `student_id` varchar(9) COLLATE utf8_bin NOT NULL,
  `module_id` varchar(6) COLLATE utf8_bin NOT NULL,
  `type` varchar(8) COLLATE utf8_bin DEFAULT NULL,
  `time` timestamp NOT NULL DEFAULT CURRENT_TIMESTAMP,
  PRIMARY KEY (`time`)
) ENGINE=InnoDB DEFAULT CHARSET=utf8 COLLATE=utf8_bin;

--
-- Dumping data for table `attendance`
--

INSERT INTO `attendance` (`student_id`, `module_id`, `type`, `time`) VALUES
('B00652181', 'COM810', 'lecture', '2014-07-07 13:28:37'),
('test', 'test', 'test1', '2014-07-07 13:34:40'),
('b00987654', 'com765', 'test2', '2014-07-07 13:38:44'),
('test3', 'test3', 'test3', '2014-07-07 13:44:17'),
('b00876678', 'test4', 'test4', '2014-07-07 13:46:34'),
('b00876132', 'com123', 'test6', '2014-07-07 13:50:59'),
('test7', 'test7', 'test7', '2014-07-07 13:51:46'),
('Test 8', 'module', 'test 8', '2014-07-07 14:50:09'),
('B00123456', 'COM811', 'tutorial', '2014-07-08 09:26:39'),
('B00652181', 'COM814', 'lecture', '2014-07-08 09:49:25'),
('B00652181', 'COM811', 'tutorial', '2014-07-08 10:00:34'),
('B00652181', 'COM814', 'tutorial', '2014-07-08 10:27:29'),
('B00652181', 'COM814', 'tutorial', '2014-07-08 10:33:40'),
('B00652181', 'COM811', 'lecture', '2014-07-08 10:37:23'),
('B00652181', 'COM811', 'lecture', '2014-07-08 10:37:49'),
('B00652181', 'COM811', 'lecture', '2014-07-08 10:38:36'),
('B00652181', 'COM810', 'lecture', '2014-07-08 10:40:26'),
('B00652181', 'COM810', 'lecture', '2014-07-08 10:41:27'),
('B00652181', 'COM810', 'tutorial', '2014-07-08 10:43:02'),
('B00652181', 'COM814', 'tutorial', '2014-07-08 11:19:28'),
('B00652181', 'COM814', 'lecture', '2014-07-08 11:35:53'),
('B00652181', 'COM814', 'lecture', '2014-07-08 11:56:33'),
('B00652181', 'COM811', 'tutorial', '2014-07-08 15:40:58'),
('B00652181', 'COM814', 'lecture', '2014-07-09 09:10:07'),
('default', 'COM811', 'lecture', '2014-07-09 09:49:49'),
('default', 'COM811', 'lecture', '2014-07-09 11:18:12'),
('default', 'COM811', 'lecture', '2014-07-09 12:45:41'),
('default', 'COM811', 'lecture', '2014-07-09 13:11:55'),
('B00652181', 'COM811', 'lecture', '2014-07-09 13:19:10'),
('B00461879', 'COM814', 'tutorial', '2014-07-09 13:20:15'),
('B00652363', 'COM814', 'tutorial', '2014-07-09 13:23:10'),
('B00652356', 'COM811', 'tutorial', '2014-07-09 13:47:18'),
('B00461879', 'COM558', 'lecture', '2014-07-09 14:33:08'),
('B00461879', 'COM810', 'tutorial', '2014-07-09 14:33:30'),
('B00461879', 'COM808', 'tutorial', '2014-07-09 14:50:54'),
('B00652181', 'COM810', 'tutorial', '2014-07-10 09:14:05'),
('B00652181', 'COM812', 'lecture', '2014-07-10 09:35:11'),
('B00651976', 'COM814', 'lecture', '2014-07-10 10:26:40'),
('B00651976', 'COM809', 'tutorial', '2014-07-10 11:17:48'),
('B00652181', 'COM809', 'lecture', '2014-07-12 09:14:01'),
('B00652181', 'COM810', 'lecture', '2014-07-12 10:48:47'),
('B00652181', 'COM813', 'tutorial', '2014-07-12 11:55:55'),
('B00652363', 'COM813', 'lecture', '2014-07-13 18:04:14'),
('B00652181', 'COM810', 'lecture', '2014-07-14 09:19:15'),
('B00652181', 'COM557', 'Tutorial', '2014-07-14 10:13:40'),
('B00652181', 'COM808', 'lecture', '2014-07-14 13:49:52'),
('B00652181', 'COM557', 'Lecture', '2014-07-14 13:51:46'),
('B00652181', 'COM812', 'tutorial', '2014-07-14 13:52:49'),
('B00652181', 'COM809', 'tutorial', '2014-07-14 14:03:08'),
('B00652363', 'COM808', 'tutorial', '2014-07-14 14:10:15'),
('B00652363', 'COM809', 'tutorial', '2014-07-15 08:54:17'),
('B00652363', 'COM811', 'tutorial', '2014-07-15 09:03:52'),
('B00652181', 'COM813', 'tutorial', '2014-07-15 09:26:59'),
('B00652181', 'COM809', 'lecture', '2014-07-15 09:31:56'),
('B00652181', 'COM809', 'tutorial', '2014-07-15 09:38:32'),
('B00652181', 'COM813', 'tutorial', '2014-07-15 09:40:45'),
('B00461879', 'COM813', 'tutorial', '2014-07-15 09:46:42'),
('B00461879', 'COM813', 'tutorial', '2014-07-15 09:47:05'),
('B00652181', 'COM809', 'tutorial', '2014-07-15 10:07:29'),
('B00652181', 'COM811', 'lecture', '2014-07-15 10:17:17'),
('B00652181', 'COM809', 'tutorial', '2014-07-16 09:23:42'),
('B00652181', 'COM810', 'lecture', '2014-07-16 09:23:54'),
('B00652181', 'COM810', 'tutorial', '2014-07-16 09:24:10'),
('B00651976', 'COM558', 'tutorial', '2014-07-16 09:30:15'),
('B00651976', 'COM810', 'tutorial', '2014-07-16 10:19:13'),
('B00651976', 'COM810', 'tutorial', '2014-07-16 10:20:26'),
('B00651976', 'COM810', 'tutorial', '2014-07-16 10:23:24'),
('B00652181', 'COM123', 'lecture', '2014-07-16 10:50:30'),
('B00461879', 'COM809', 'tutorial', '2014-07-16 11:25:02'),
('B00652181', 'COM808', 'tutorial', '2014-07-16 12:45:11'),
('B00652181', 'COM810', 'lecture', '2014-07-16 13:43:36'),
('B00652181', 'COM810', 'lecture', '2014-07-16 13:44:57'),
('B00652363', 'COM558', 'tutorial', '2014-07-16 14:06:02'),
('B00652363', 'COM810', 'tutorial', '2014-07-16 14:10:24'),
('B00652363', 'COM812', 'lecture', '2014-07-16 14:16:22'),
('B00651976', 'COM812', 'tutorial', '2014-07-16 14:17:31'),
('B00652363', 'COM810', 'lecture', '2014-07-16 14:18:15'),
('B00651976', 'COM558', 'tutorial', '2014-07-17 09:41:15'),
('B00652363', 'COM809', 'tutorial', '2014-07-17 09:42:26'),
('B00652363', 'COM813', 'lecture', '2014-07-17 09:43:10'),
('B00651976', 'COM811', 'lecture', '2014-07-17 09:47:34'),
('B00652181', 'COM814', 'tutorial', '2014-07-17 10:04:37'),
('B00651976', 'COM809', 'tutorial', '2014-07-17 10:06:02'),
('B00651976', 'COM809', 'tutorial', '2014-07-17 10:09:43'),
('B00651976', 'COM809', 'tutorial', '2014-07-17 10:13:03'),
('B00652181', 'COM809', 'lecture', '2014-07-18 09:45:10'),
('B00652363', 'COM811', 'lecture', '2014-07-18 09:46:20'),
('B00461879', 'COM809', 'lecture', '2014-07-18 10:18:29'),
('B00461879', 'COM809', 'lecture', '2014-07-18 10:27:25'),
('B00461879', 'COM809', 'lecture', '2014-07-18 10:31:11'),
('B00652181', 'COM809', 'lecture', '2014-07-18 10:32:25'),
('B00461879', 'COM809', 'lecture', '2014-07-18 10:34:12'),
('B00652181', 'COM809', 'lecture', '2014-07-18 10:34:20'),
('B00461879', 'COM809', 'lecture', '2014-07-18 10:34:30'),
('B00652181', 'COM809', 'lecture', '2014-07-18 10:36:02'),
('B00461879', 'COM809', 'lecture', '2014-07-18 10:36:03'),
('B00652181', 'COM809', 'lecture', '2014-07-18 10:36:04'),
('B00652356', 'COM811', 'tutorial', '2014-07-18 10:39:57'),
('B00652356', 'COM811', 'tutorial', '2014-07-18 10:46:47'),
('B00461879', 'COM811', 'tutorial', '2014-07-18 10:46:49'),
('B00652363', 'COM811', 'tutorial', '2014-07-18 10:46:51'),
('B00652181', 'COM811', 'tutorial', '2014-07-18 10:46:52'),
('B00651976', 'COM811', 'tutorial', '2014-07-18 10:46:54'),
('B00461879', 'COM811', 'tutorial', '2014-07-18 10:46:55'),
('B00652356', 'COM811', 'tutorial', '2014-07-18 10:46:57'),
('B00652363', 'COM811', 'tutorial', '2014-07-18 10:53:21'),
('B00651976', 'COM811', 'tutorial', '2014-07-18 10:53:22'),
('B00651976', 'COM811', 'tutorial', '2014-07-18 10:53:24'),
('B00461879', 'COM811', 'tutorial', '2014-07-18 10:53:28'),
('B00461879', 'COM811', 'tutorial', '2014-07-18 10:53:30'),
('B00652356', 'COM811', 'tutorial', '2014-07-18 10:53:32'),
('B00652181', 'COM811', 'tutorial', '2014-07-18 10:53:34'),
('B00652181', 'COM811', 'tutorial', '2014-07-18 10:53:35'),
('B00651976', 'COM811', 'tutorial', '2014-07-18 10:53:37'),
('B00652363', 'COM812', 'lecture', '2014-07-18 11:21:07'),
('B00652363', 'COM812', 'lecture', '2014-07-18 11:21:08'),
('B00652181', 'COM812', 'tutorial', '2014-07-18 15:51:46'),
('B00651976', 'COM808', 'lecture', '2014-07-18 19:53:49'),
('B00651976', 'COM808', 'lecture', '2014-07-18 19:55:58'),
('B00652356', 'COM808', 'lecture', '2014-07-18 19:55:59'),
('B00652363', 'COM808', 'lecture', '2014-07-18 19:56:01'),
('B00652363', 'COM808', 'lecture', '2014-07-18 19:56:03'),
('B00652181', 'COM814', 'tutorial', '2014-07-19 11:27:00'),
('B00652356', 'COM810', 'lecture', '2014-07-19 11:28:05'),
('B00652181', 'COM810', 'lecture', '2014-07-19 11:28:06'),
('B00651976', 'COM810', 'lecture', '2014-07-19 11:28:08'),
('B00652181', 'COM813', 'lecture', '2014-07-19 11:28:46'),
('B00652356', 'COM808', 'tutorial', '2014-07-21 11:10:09'),
('B00652356', 'COM808', 'tutorial', '2014-07-21 11:19:58'),
('B00652356', 'COM808', 'tutorial', '2014-07-21 11:23:04'),
('B00652181', 'COM557', 'tutorial', '2014-07-21 11:48:19'),
('B00651976', 'COM814', 'lecture', '2014-07-21 12:22:29'),
('B00652356', 'COM814', 'lecture', '2014-07-21 12:22:31'),
('B00652181', 'COM814', 'lecture', '2014-07-21 12:22:32'),
('B00652363', 'COM814', 'lecture', '2014-07-21 12:22:34'),
('B00652356', 'COM814', 'lecture', '2014-07-21 12:26:32'),
('B00652181', 'COM814', 'lecture', '2014-07-21 12:26:34'),
('B00652181', 'COM814', 'tutorial', '2014-07-23 15:31:02'),
('B00652356', 'COM810', 'tutorial', '2014-07-23 15:32:32'),
('B00652181', 'COM810', 'tutorial', '2014-07-23 15:32:34'),
('B00652363', 'COM810', 'tutorial', '2014-07-23 15:32:36'),
('B00652363', 'COM813', 'tutorial', '2014-07-23 15:35:19'),
('B00652363', 'COM809', 'tutorial', '2014-07-24 09:23:06'),
('B00652181', 'COM808', 'tutorial', '2014-07-24 13:21:21'),
('B00652356', 'COM808', 'tutorial', '2014-07-25 09:46:19'),
('B00652356', 'COM808', 'lecture', '2014-07-25 09:56:17'),
('B00652356', 'COM813', 'tutorial', '2014-07-25 09:57:26'),
('B00461879', 'COM813', 'tutorial', '2014-07-25 09:57:28'),
('B00651976', 'COM813', 'tutorial', '2014-07-25 09:57:30'),
('B00652181', 'COM809', 'lecture', '2014-07-26 14:12:49'),
('B00652181', 'COM812', 'tutorial', '2014-07-27 14:31:02'),
('B00461879', 'COM810', 'lecture', '2014-07-27 14:32:24'),
('B00651976', 'COM810', 'lecture', '2014-07-27 14:32:26'),
('B00652356', 'COM810', 'lecture', '2014-07-27 14:32:27'),
('B00652181', 'COM558', 'tutorial', '2014-07-27 18:08:32'),
('B00652363', 'COM808', 'tutorial', '2014-07-27 18:09:24'),
('B00652356', 'COM813', 'lecture', '2014-07-27 18:10:21'),
('B00652363', 'COM813', 'lecture', '2014-07-27 18:10:23'),
('B00652181', 'COM808', 'tutorial', '2014-07-28 12:00:07'),
('B00652181', 'COM557', 'tutorial', '2014-07-28 14:10:48'),
('B00652181', 'COM558', 'tutorial', '2014-07-28 14:17:35'),
('B00652181', 'COM557', 'tutorial', '2014-07-28 14:19:08'),
('B00652181', 'COM557', 'tutorial', '2014-07-28 14:20:22'),
('B00652181', 'COM810', 'tutorial', '2014-07-28 14:27:20'),
('B00652181', 'COM813', 'lecture', '2014-07-28 14:27:29'),
('B00652181', 'COM811', 'lecture', '2014-07-28 14:45:40'),
('B00652181', 'COM812', 'lecture', '2014-07-28 14:48:41'),
('B00652181', 'COM809', 'lecture', '2014-07-28 14:48:58'),
('B00652181', 'COM808', 'tutorial', '2014-07-28 15:02:58'),
('B00652181', 'COM558', 'lecture', '2014-07-28 15:19:05'),
('B00652181', 'COM814', 'tutorial', '2014-07-28 15:19:26'),
('B00652181', 'COM558', 'tutorial', '2014-07-29 09:16:08'),
('B00652181', 'COM808', 'tutorial', '2014-07-29 09:17:53'),
('B00652181', 'COM811', 'tutorial', '2014-07-29 09:18:10'),
('B00652181', 'COM557', 'tutorial', '2014-07-29 09:18:31'),
('B00651976', 'COM809', 'lecture', '2014-07-29 12:30:53'),
('B00652363', 'COM809', 'lecture', '2014-07-29 12:30:55'),
('B00651976', 'COM809', 'lecture', '2014-07-29 12:42:54'),
('B00651976', 'COM809', 'lecture', '2014-07-29 12:42:55'),
('B00652363', 'COM809', 'lecture', '2014-07-29 12:43:01'),
('B00652363', 'COM809', 'lecture', '2014-07-29 12:43:03'),
('B00461879', 'COM810', 'tutorial', '2014-07-29 12:52:18'),
('B00652363', 'COM810', 'tutorial', '2014-07-29 12:52:20'),
('B00651976', 'COM810', 'tutorial', '2014-07-29 12:52:22'),
('B00651976', 'COM810', 'tutorial', '2014-07-29 12:52:23'),
('B00652363', 'COM811', 'lecture', '2014-07-29 14:01:09'),
('B00461879', 'COM811', 'lecture', '2014-07-29 14:01:10'),
('B00652363', 'COM811', 'lecture', '2014-07-29 14:07:29'),
('B00651976', 'COM812', 'tutorial', '2014-07-29 14:13:44'),
('B00461879', 'COM809', 'tutorial', '2014-07-29 14:16:30'),
('B00652363', 'COM809', 'tutorial', '2014-07-29 14:16:31'),
('B00652181', 'COM558', 'tutorial', '2014-07-29 14:22:31'),
('B00652181', 'COM810', 'tutorial', '2014-07-29 14:25:16'),
('B00652181', 'COM809', 'lecture', '2014-07-29 14:33:35'),
('B00652181', 'COM812', 'lecture', '2014-07-29 14:35:08'),
('B00652181', 'COM811', 'lecture', '2014-07-29 14:36:41'),
('B00652181', 'COM558', 'tutorial', '2014-07-29 15:29:50'),
('B00652181', 'COM812', 'lecture', '2014-07-29 15:30:43'),
('B00652356', 'COM811', 'lecture', '2014-07-29 15:31:24'),
('B00652363', 'COM811', 'lecture', '2014-07-29 15:31:25'),
('B00651976', 'COM557', 'tutorial', '2014-07-30 09:18:24'),
('B00652356', 'COM557', 'tutorial', '2014-07-30 09:18:26'),
('B00652181', 'COM809', 'lecture', '2014-07-30 10:38:06'),
('B00652181', 'COM809', 'lecture', '2014-07-30 10:39:30'),
('B00652181', 'COM809', 'lecture', '2014-07-30 10:40:39'),
('B00652181', 'COM809', 'lecture', '2014-07-30 10:41:28'),
('B00652181', 'COM809', 'lecture', '2014-07-30 10:45:03'),
('B00652181', 'COM809', 'lecture', '2014-07-30 10:48:21'),
('B00652181', 'COM810', 'lecture', '2014-07-30 10:49:44'),
('B00652181', 'COM810', 'lecture', '2014-07-30 11:08:21'),
('B00461879', 'COM809', 'lecture', '2014-07-30 17:31:46'),
('B00652356', 'COM809', 'lecture', '2014-07-30 17:31:48'),
('B00652181', 'COM809', 'lecture', '2014-07-30 17:31:50'),
('B00461879', 'COM809', 'lecture', '2014-07-30 17:31:51'),
('B00652356', 'COM809', 'lecture', '2014-07-30 17:31:53'),
('B00652181', 'COM809', 'lecture', '2014-07-30 17:31:55'),
('B00461879', 'COM809', 'lecture', '2014-07-30 17:37:22'),
('B00652356', 'COM809', 'lecture', '2014-07-30 17:37:23'),
('B00652181', 'COM809', 'lecture', '2014-07-30 17:37:25'),
('B00651976', 'COM811', 'tutorial', '2014-07-30 17:46:49'),
('B00652181', 'COM811', 'tutorial', '2014-07-30 17:46:51'),
('B00652356', 'COM811', 'tutorial', '2014-07-30 17:46:52'),
('B00461879', 'COM811', 'tutorial', '2014-07-30 17:46:58'),
('B00461879', 'COM557', 'tutorial', '2014-07-30 17:52:13'),
('B00652356', 'COM557', 'tutorial', '2014-07-30 17:52:14'),
('B00652181', 'COM557', 'tutorial', '2014-07-30 17:52:16'),
('B00652356', 'COM557', 'Lecture', '2014-07-31 10:45:39'),
('B00652363', 'COM557', 'Lecture', '2014-07-31 10:45:41'),
('B00652356', 'COM812', 'tutorial', '2014-07-31 10:51:57'),
('B00652363', 'COM812', 'tutorial', '2014-07-31 10:51:59'),
('B00652356', 'COM812', 'tutorial', '2014-07-31 11:00:59'),
('B00652363', 'COM812', 'tutorial', '2014-07-31 11:01:00'),
('B00652363', 'COM808', 'tutorial', '2014-07-31 11:07:09'),
('B00652356', 'COM808', 'tutorial', '2014-07-31 11:07:10'),
('B00652363', 'COM812', 'tutorial', '2014-07-31 11:07:12'),
('B00652356', 'COM812', 'tutorial', '2014-07-31 11:07:14'),
('B00652356', 'COM811', 'tutorial', '2014-07-31 11:20:18'),
('B00652363', 'COM811', 'tutorial', '2014-07-31 11:20:20'),
('B00652363', 'COM557', 'Lecture', '2014-07-31 11:22:17'),
('B00652356', 'COM557', 'Lecture', '2014-07-31 11:22:19'),
('B00652363', 'COM811', 'tutorial', '2014-07-31 11:22:22'),
('B00652356', 'COM811', 'tutorial', '2014-07-31 11:22:24'),
('B00652363', 'COM810', 'lecture', '2014-07-31 11:43:22'),
('B00652356', 'COM810', 'lecture', '2014-07-31 11:43:24'),
('B00652356', 'COM557', 'Lecture', '2014-07-31 12:12:32'),
('B00652363', 'COM557', 'Lecture', '2014-07-31 12:12:34'),
('B00652356', 'COM557', 'Lecture', '2014-07-31 12:12:35'),
('B00652363', 'COM557', 'Lecture', '2014-07-31 12:12:37'),
('B00652363', 'COM557', 'Lecture', '2014-07-31 12:12:39'),
('B00652356', 'COM557', 'Lecture', '2014-07-31 12:12:41'),
('B00652356', 'COM813', 'tutorial', '2014-07-31 12:18:05'),
('B00652363', 'COM813', 'tutorial', '2014-07-31 12:18:07'),
('B00652356', 'COM813', 'tutorial', '2014-07-31 12:18:08'),
('B00652363', 'COM813', 'tutorial', '2014-07-31 12:18:10'),
('B00652363', 'COM808', 'tutorial', '2014-07-31 12:24:32'),
('B00652356', 'COM808', 'tutorial', '2014-07-31 12:24:34'),
('B00652363', 'COM808', 'tutorial', '2014-07-31 12:29:57'),
('B00652363', 'COM808', 'tutorial', '2014-07-31 12:29:59'),
('B00652356', 'COM808', 'tutorial', '2014-07-31 12:30:01'),
('B00652363', 'COM811', 'lecture', '2014-07-31 12:32:02'),
('B00652356', 'COM811', 'lecture', '2014-07-31 12:32:03'),
('B00652356', 'COM809', 'tutorial', '2014-07-31 12:40:39'),
('B00652363', 'COM809', 'tutorial', '2014-07-31 12:40:41'),
('B00652356', 'COM812', 'tutorial', '2014-07-31 13:01:06'),
('B00652356', 'COM812', 'tutorial', '2014-07-31 13:01:07'),
('B00652356', 'COM812', 'tutorial', '2014-07-31 13:01:08'),
('B00652363', 'COM812', 'tutorial', '2014-07-31 13:01:09'),
('B00652363', 'COM808', 'lecture', '2014-07-31 13:04:44'),
('B00652356', 'COM808', 'lecture', '2014-07-31 13:04:46'),
('B00652363', 'COM811', 'lecture', '2014-07-31 13:08:20'),
('B00652363', 'COM813', 'tutorial', '2014-07-31 13:12:08'),
('B00652356', 'COM813', 'tutorial', '2014-07-31 13:12:10'),
('B00652363', 'COM558', 'lecture', '2014-07-31 13:38:08'),
('B00652356', 'COM558', 'lecture', '2014-07-31 13:38:10'),
('B00652363', 'COM808', 'tutorial', '2014-07-31 13:45:22'),
('B00652356', 'COM808', 'tutorial', '2014-07-31 13:45:24'),
('B00652363', 'COM808', 'tutorial', '2014-07-31 13:49:23'),
('B00652356', 'COM808', 'tutorial', '2014-07-31 13:49:24'),
('B00652356', 'COM810', 'tutorial', '2014-07-31 13:52:43'),
('B00652363', 'COM810', 'tutorial', '2014-07-31 13:52:45'),
('B00652356', 'COM809', 'tutorial', '2014-07-31 13:52:52'),
('B00652363', 'COM809', 'tutorial', '2014-07-31 13:52:53'),
('B00652363', 'COM811', 'tutorial', '2014-07-31 13:53:26'),
('B00652356', 'COM811', 'tutorial', '2014-07-31 13:53:27'),
('B00652356', 'COM808', 'tutorial', '2014-07-31 14:00:21'),
('B00652363', 'COM808', 'tutorial', '2014-07-31 14:00:22'),
('B00652356', 'COM558', 'tutorial', '2014-07-31 14:00:35'),
('B00652363', 'COM558', 'tutorial', '2014-07-31 14:00:37'),
('B00652356', 'COM557', 'tutorial', '2014-07-31 14:00:45'),
('B00652363', 'COM557', 'tutorial', '2014-07-31 14:00:49'),
('B00652356', 'COM811', 'lecture', '2014-07-31 14:12:41'),
('B00652363', 'COM811', 'lecture', '2014-07-31 14:12:43'),
('B00652356', 'COM810', 'lecture', '2014-07-31 14:12:51'),
('B00652363', 'COM810', 'lecture', '2014-07-31 14:12:53'),
('B00652356', 'COM813', 'lecture', '2014-07-31 14:14:54'),
('B00652363', 'COM813', 'lecture', '2014-07-31 14:14:56'),
('B00652356', 'COM810', 'lecture', '2014-07-31 14:15:02'),
('B00652363', 'COM810', 'lecture', '2014-07-31 14:15:04'),
('B00652356', 'COM812', 'lecture', '2014-07-31 15:54:00'),
('B00652363', 'COM812', 'lecture', '2014-07-31 15:54:02'),
('B00652356', 'COM812', 'lecture', '2014-07-31 16:05:07'),
('B00652363', 'COM812', 'lecture', '2014-07-31 16:05:08'),
('B00652356', 'COM813', 'lecture', '2014-07-31 16:07:51'),
('B00652363', 'COM813', 'lecture', '2014-07-31 16:07:52'),
('B00652356', 'COM812', 'lecture', '2014-07-31 16:07:59'),
('B00652363', 'COM812', 'lecture', '2014-07-31 16:08:00'),
('B00652356', 'COM814', 'lecture', '2014-07-31 16:10:08'),
('B00652363', 'COM814', 'lecture', '2014-07-31 16:10:09'),
('B00652356', 'COM808', 'tutorial', '2014-07-31 16:12:06'),
('B00652363', 'COM808', 'tutorial', '2014-07-31 16:12:08'),
('B00652356', 'COM558', 'tutorial', '2014-07-31 16:12:18'),
('B00652363', 'COM558', 'tutorial', '2014-07-31 16:12:20'),
('B00652356', 'COM557', 'tutorial', '2014-07-31 16:12:27'),
('B00652363', 'COM557', 'tutorial', '2014-07-31 16:12:29'),
('B00652356', 'COM811', 'lecture', '2014-07-31 16:31:44'),
('B00652363', 'COM811', 'lecture', '2014-07-31 16:31:46'),
('B00652356', 'COM810', 'lecture', '2014-07-31 16:31:58'),
('B00652363', 'COM810', 'lecture', '2014-07-31 16:32:00'),
('B00652181', 'COM812', 'lecture', '2014-07-31 16:41:49'),
('B00652181', 'COM812', 'tutorial', '2014-07-31 16:49:04'),
('B00652181', 'COM810', 'lecture', '2014-08-01 09:33:12'),
('B00652181', 'COM810', 'lecture', '2014-08-01 09:34:06'),
('B00652181', 'COM814', 'lecture', '2014-08-01 09:39:01'),
('B00652181', 'COM812', 'lecture', '2014-08-01 11:51:59'),
('B00652356', 'COM812', 'lecture', '2014-08-01 11:52:01'),
('B00651976', 'COM809', 'tutorial', '2014-08-01 11:52:25'),
('B00652356', 'COM809', 'tutorial', '2014-08-01 11:52:27'),
('B00651976', 'COM558', 'tutorial', '2014-08-01 11:58:38'),
('B00652181', 'COM558', 'tutorial', '2014-08-01 11:58:40'),
('B00652356', 'COM558', 'tutorial', '2014-08-01 11:58:42'),
('B00651976', 'COM558', 'tutorial', '2014-08-01 12:07:18'),
('B00652181', 'COM558', 'tutorial', '2014-08-01 12:07:20'),
('B00652356', 'COM558', 'tutorial', '2014-08-01 12:07:21'),
('B00651976', 'COM558', 'tutorial', '2014-08-01 12:15:12'),
('B00652181', 'COM558', 'tutorial', '2014-08-01 12:15:14'),
('B00651976', 'COM808', 'tutorial', '2014-08-01 12:20:21'),
('B00652181', 'COM808', 'tutorial', '2014-08-01 12:20:23'),
('B00652356', 'COM808', 'tutorial', '2014-08-01 12:20:27'),
('B00652181', 'COM808', 'tutorial', '2014-08-01 12:35:17'),
('B00651976', 'COM808', 'tutorial', '2014-08-01 12:35:19'),
('B00652181', 'COM812', 'tutorial', '2014-08-01 12:35:54'),
('B00651976', 'COM808', 'tutorial', '2014-08-01 12:36:15'),
('B00652181', 'COM808', 'tutorial', '2014-08-01 12:36:17'),
('B00651976', 'COM810', 'tutorial', '2014-08-01 12:45:06'),
('B00652181', 'COM810', 'tutorial', '2014-08-01 12:45:08'),
('B00651976', 'COM810', 'tutorial', '2014-08-01 12:47:31'),
('B00652181', 'COM810', 'tutorial', '2014-08-01 12:47:32'),
('B00651976', 'COM810', 'tutorial', '2014-08-01 12:49:41'),
('B00652181', 'COM810', 'tutorial', '2014-08-01 12:49:43'),
('B00651976', 'COM810', 'tutorial', '2014-08-01 12:51:36'),
('B00652181', 'COM810', 'tutorial', '2014-08-01 12:51:37'),
('B00652181', 'COM810', 'tutorial', '2014-08-01 14:59:56'),
('B00652356', 'COM810', 'tutorial', '2014-08-01 14:59:57'),
('B00652181', 'COM808', 'lecture', '2014-08-01 15:00:33'),
('B00652356', 'COM808', 'lecture', '2014-08-01 15:00:43'),
('B00652181', 'COM810', 'tutorial', '2014-08-01 15:04:35'),
('B00652356', 'COM810', 'tutorial', '2014-08-01 15:04:37'),
('B00652181', 'COM808', 'tutorial', '2014-08-04 13:18:20'),
('B00652181', 'COM558', 'tutorial', '2014-08-04 16:54:26'),
('B00652181', 'COM808', 'tutorial', '2014-08-04 16:55:22'),
('B00652356', 'COM812', 'lecture', '2014-08-05 13:25:52'),
('B00652181', 'COM808', 'tutorial', '2014-08-05 14:01:01'),
('B00461879', 'COM808', 'tutorial', '2014-08-05 14:01:02'),
('B00651976', 'COM808', 'tutorial', '2014-08-05 14:01:04'),
('B00652181', 'COM811', 'tutorial', '2014-08-05 14:27:03'),
('B00461879', 'COM811', 'tutorial', '2014-08-05 14:27:05'),
('B00651976', 'COM811', 'tutorial', '2014-08-05 14:27:06'),
('B00651976', 'COM814', 'lecture', '2014-08-05 14:33:49'),
('B00461879', 'COM814', 'lecture', '2014-08-05 14:33:51'),
('B00652181', 'COM814', 'lecture', '2014-08-05 14:33:53'),
('B00651976', 'COM813', 'lecture', '2014-08-05 14:33:59'),
('B00461879', 'COM813', 'lecture', '2014-08-05 14:34:00'),
('B00652181', 'COM813', 'lecture', '2014-08-05 14:34:02');

-- --------------------------------------------------------

--
-- Table structure for table `module_codes`
--

CREATE TABLE IF NOT EXISTS `module_codes` (
  `module_code` varchar(6) COLLATE utf8_bin NOT NULL,
  `module_name` varchar(45) COLLATE utf8_bin NOT NULL,
  `lecture` varchar(2083) COLLATE utf8_bin NOT NULL,
  `tutorial` varchar(2083) COLLATE utf8_bin NOT NULL
) ENGINE=InnoDB DEFAULT CHARSET=utf8 COLLATE=utf8_bin;

--
-- Dumping data for table `module_codes`
--

INSERT INTO `module_codes` (`module_code`, `module_name`, `lecture`, `tutorial`) VALUES
('COM557', 'Computer Hardware', 'COM557lecture.png', 'COM557tutorial.png'),
('COM558', 'Software Development I', 'COM558lecture.png', 'COM558tutorial.png'),
('COM808', 'Operating Systems', 'COM808lecture.png', 'COM808tutorial.png'),
('COM809', 'Software Development II', 'COM809lecture.png', 'COM809tutorial.png'),
('COM810', 'Database Systems', 'COM810lecture.png', 'COM810tutorial.png'),
('COM811', 'Mobile Devices', 'COM811lecture.png', 'COM811tutorial.png'),
('COM812', 'Data Structures', 'COM812lecture.png', 'COM812tutorial.png'),
('COM813', 'Concurrent Systems', 'COM813lecture.png', 'COM813tutorial.png'),
('COM814', 'Project', 'COM814lecture.png', 'COM814tutorial.png');

-- --------------------------------------------------------

--
-- Table structure for table `staff`
--

CREATE TABLE IF NOT EXISTS `staff` (
  `staff_id` varchar(9) COLLATE utf8_bin NOT NULL,
  `staff_surname` varchar(45) COLLATE utf8_bin DEFAULT NULL,
  `staff_forename` varchar(45) COLLATE utf8_bin DEFAULT NULL,
  PRIMARY KEY (`staff_id`)
) ENGINE=InnoDB DEFAULT CHARSET=utf8 COLLATE=utf8_bin;

--
-- Dumping data for table `staff`
--

INSERT INTO `staff` (`staff_id`, `staff_surname`, `staff_forename`) VALUES
('E68945327', 'Davies', 'Richard'),
('E78063862', 'Burns', 'Sally'),
('E87734', 'Smith', 'Sarah'),
('e103454', 'White', 'Jack');

-- --------------------------------------------------------

--
-- Table structure for table `student`
--

CREATE TABLE IF NOT EXISTS `student` (
  `student_id` varchar(9) COLLATE utf8_bin NOT NULL,
  `stu_surname` varchar(45) COLLATE utf8_bin DEFAULT NULL,
  `stu_forename` varchar(45) COLLATE utf8_bin DEFAULT NULL,
  `device_id` varchar(16) COLLATE utf8_bin DEFAULT NULL,
  PRIMARY KEY (`student_id`),
  UNIQUE KEY `student_id_UNIQUE` (`student_id`)
) ENGINE=InnoDB DEFAULT CHARSET=utf8 COLLATE=utf8_bin;

--
-- Dumping data for table `student`
--

INSERT INTO `student` (`student_id`, `stu_surname`, `stu_forename`, `device_id`) VALUES
('B00461879', 'houston', 'elaine', NULL),
('B00651976', 'mullan', 'sean', NULL),
('B00652181', 'mcmechan', 'andrew', 'cc5f61f231f99a02'),
('B00652356', 'robinson', 'richard', NULL),
('B00652363', 'chesney', 'jonathan', NULL);

/*!40101 SET CHARACTER_SET_CLIENT=@OLD_CHARACTER_SET_CLIENT */;
/*!40101 SET CHARACTER_SET_RESULTS=@OLD_CHARACTER_SET_RESULTS */;
/*!40101 SET COLLATION_CONNECTION=@OLD_COLLATION_CONNECTION */;
